District,Frequency,Model_Type,Params,MAE,MAPE,Improvement_Pct
ÇİĞLİ,Daily,Baseline,Mean,0.476559954382535,14.839931573802534,0.0
ÇİĞLİ,Daily,AR,"Order=(2, 0, 0), Seas=(0, 0, 0, 0)",0.5631211646132187,54.058300632117295,-18.16376081008287
ÇİĞLİ,Daily,MA,"Order=(0, 0, 2), Seas=(0, 0, 0, 0)",0.5073790452850514,95.13357099094715,-6.466991323777465
ÇİĞLİ,Daily,ARMA,"Order=(1, 0, 1), Seas=(0, 0, 0, 0)",0.5628095085717251,53.68112526842141,-18.098363783197254
ÇİĞLİ,Daily,ARIMA,"Order=(1, 0, 1), Seas=(0, 0, 0, 0)",0.5628095085717251,53.68112526842141,-18.098363783197254
ÇİĞLİ,Daily,SARIMA,"Order=(1, 0, 1), Seas=(1, 0, 0, 7)",0.5324649289756398,34.76476970273716,-11.730942576897643
ÇİĞLİ,Daily,ExpSmoothing,"{'trend': None, 'seasonal': None}",0.46666666687644226,3.1466327321538756e-07,2.0759796149702083
KARŞIYAKA,Daily,Baseline,Mean,0.4697733918128654,38.359155024907935,0.0
KARŞIYAKA,Daily,AR,"Order=(2, 0, 0), Seas=(0, 0, 0, 0)",0.7391279726131523,55.8751020626434,-57.33713009177508
KARŞIYAKA,Daily,MA,"Order=(0, 0, 2), Seas=(0, 0, 0, 0)",1.207976636411397,97.46433030780636,-157.1402845422534
KARŞIYAKA,Daily,ARMA,"Order=(1, 0, 1), Seas=(0, 0, 0, 0)",0.32095815697281976,18.61743215396854,31.678089358310512
KARŞIYAKA,Daily,ARIMA,"Order=(1, 1, 1), Seas=(0, 0, 0, 0)",0.3268676217818271,21.60085570905694,30.42014991090959
KARŞIYAKA,Daily,SARIMA,"Order=(1, 1, 1), Seas=(1, 0, 0, 7)",0.334802745322146,22.506845693628314,28.731011343546907
KARŞIYAKA,Daily,ExpSmoothing,"{'trend': None, 'seasonal': 'add', 'seasonal_periods': 7}",0.2739119855945963,14.83439876731317,41.69274157108725
BORNOVA,Daily,Baseline,Mean,0.6010574263868554,51.81633317065235,0.0
BORNOVA,Daily,AR,"Order=(2, 0, 0), Seas=(0, 0, 0, 0)",0.9419205047317154,62.12693662815636,-56.71056763975029
BORNOVA,Daily,MA,"Order=(0, 0, 2), Seas=(0, 0, 0, 0)",1.4198645925098694,98.21545184771568,-136.22777627840327
BORNOVA,Daily,ARMA,"Order=(1, 0, 1), Seas=(0, 0, 0, 0)",0.49329446877124344,36.05520803919991,17.928895457362355
BORNOVA,Daily,ARIMA,"Order=(1, 1, 1), Seas=(0, 0, 0, 0)",0.5409346736166001,42.462334448731,10.002830034339992
BORNOVA,Daily,SARIMA,"Order=(1, 1, 1), Seas=(1, 0, 0, 7)",0.5392656381604863,42.16920241328484,10.280513227799032
BORNOVA,Daily,ExpSmoothing,"{'trend': None, 'seasonal': 'add', 'seasonal_periods': 7}",0.5211169319523961,41.75088543910759,13.299976162844665
BALÇOVA,Daily,Baseline,Mean,0.46755629691409506,66.22185154295245,0.0
BALÇOVA,Daily,AR,"Order=(1, 0, 0), Seas=(0, 0, 0, 0)",0.4,100.0,14.448804851944336
BALÇOVA,Daily,MA,"Order=(0, 0, 2), Seas=(0, 0, 0, 0)",0.4000104745883641,100.0,14.446564568061262
BALÇOVA,Daily,ARMA,"Order=(1, 0, 1), Seas=(0, 0, 0, 0)",0.4,100.0,14.448804851944336
BALÇOVA,Daily,ARIMA,"Order=(1, 0, 0), Seas=(0, 0, 0, 0)",0.4,100.0,14.448804851944336
BALÇOVA,Daily,SARIMA,"Order=(1, 0, 0), Seas=(1, 0, 0, 7)",0.4,100.0,14.448804851944336
BALÇOVA,Daily,ExpSmoothing,"{'trend': None, 'seasonal': None}",0.4,100.0,14.448804851944336
NARLIDERE,Daily,Baseline,Mean,0.1568627450980392,86.76470588235294,0.0
NARLIDERE,Daily,AR,"Order=(1, 0, 0), Seas=(0, 0, 0, 0)",0.03333333333333333,100.0,78.75000000000001
NARLIDERE,Daily,MA,"Order=(0, 0, 2), Seas=(0, 0, 0, 0)",0.03333393530901845,100.0,78.74961624050073
NARLIDERE,Daily,ARMA,"Order=(1, 0, 1), Seas=(0, 0, 0, 0)",0.03333333333333333,100.0,78.75000000000001
NARLIDERE,Daily,ARIMA,"Order=(1, 0, 0), Seas=(0, 0, 0, 0)",0.03333333333333333,100.0,78.75000000000001
NARLIDERE,Daily,SARIMA,"Order=(1, 0, 0), Seas=(1, 0, 0, 7)",0.03333333333333333,100.0,78.75000000000001
NARLIDERE,Daily,ExpSmoothing,"{'trend': None, 'seasonal': None}",0.03333333333333333,100.0,78.75000000000001
KONAK,Daily,Baseline,Mean,2.8077485380116958,73.92102144829667,0.0
KONAK,Daily,AR,"Order=(2, 0, 0), Seas=(0, 0, 0, 0)",4.3087906337622455,67.0952379616876,-53.46070260314376
KONAK,Daily,MA,"Order=(0, 0, 2), Seas=(0, 0, 0, 0)",6.035280927346794,99.3513544560512,-114.95090623823
KONAK,Daily,ARMA,"Order=(1, 0, 1), Seas=(0, 0, 0, 0)",2.453135716273816,53.618174518758586,12.629792765879191
KONAK,Daily,ARIMA,"Order=(1, 1, 1), Seas=(0, 0, 0, 0)",2.459086248194237,54.4952858080771,12.417860256971723
KONAK,Daily,SARIMA,"Order=(1, 1, 1), Seas=(1, 0, 0, 7)",2.4510660559411575,53.504939173351175,12.70350521927874
KONAK,Daily,ExpSmoothing,"{'trend': None, 'seasonal': 'add', 'seasonal_periods': 7}",2.2659516725063065,49.82092215485227,19.296488206492388
BUCA,Daily,Baseline,Mean,0.5926041666666667,26.84895833333333,0.0
BUCA,Daily,AR,"Order=(2, 0, 0), Seas=(0, 0, 0, 0)",0.4075022128132328,43.529396515529974,31.235344647441828
BUCA,Daily,MA,"Order=(0, 0, 2), Seas=(0, 0, 0, 0)",0.2507571935388808,83.58573117962695,57.685550044414555
BUCA,Daily,ARMA,"Order=(1, 0, 1), Seas=(0, 0, 0, 0)",0.40908414912457186,43.75747556757397,30.968398108702942
BUCA,Daily,ARIMA,"Order=(1, 0, 1), Seas=(0, 0, 0, 0)",0.40908414912457186,43.75747556757397,30.968398108702942
BUCA,Daily,SARIMA,"Order=(1, 0, 1), Seas=(1, 0, 0, 7)",0.3892579650896305,35.35514954166736,34.31400132078656
BUCA,Daily,ExpSmoothing,"{'trend': None, 'seasonal': None}",0.6409085979421231,14.772850514469237,-8.151213574343135
BAYRAKLI,Daily,Baseline,Mean,1.2603240740740738,69.48151861134319,0.0
BAYRAKLI,Daily,AR,"Order=(2, 0, 0), Seas=(0, 0, 0, 0)",1.4645105360187978,55.57211094434415,-16.20110780592161
BAYRAKLI,Daily,MA,"Order=(0, 0, 2), Seas=(0, 0, 0, 0)",2.514881772456503,99.28464481253673,-99.54246881335813
BAYRAKLI,Daily,ARMA,"Order=(1, 0, 1), Seas=(0, 0, 0, 0)",1.2227131608241897,53.291818898929066,2.98422556734194
BAYRAKLI,Daily,ARIMA,"Order=(1, 1, 1), Seas=(0, 0, 0, 0)",1.2250364979435793,56.506628357619014,2.7998811461583264
BAYRAKLI,Daily,SARIMA,"Order=(1, 1, 1), Seas=(1, 0, 0, 7)",1.220985476786621,56.40415330085027,3.121308090250812
BAYRAKLI,Daily,ExpSmoothing,"{'trend': 'add', 'seasonal': 'add', 'seasonal_periods': 7}",1.1573938360978355,46.10930513527581,8.166965948965016
KARABAĞLAR,Daily,Baseline,Mean,0.5602251483378038,43.670356946691996,0.0
KARABAĞLAR,Daily,AR,"Order=(2, 0, 0), Seas=(0, 0, 0, 0)",1.149055747168028,67.94701870302394,-105.10606326354561
KARABAĞLAR,Daily,MA,"Order=(0, 0, 2), Seas=(0, 0, 0, 0)",1.5589355724244085,97.56022390910748,-178.26947380884152
KARABAĞLAR,Daily,ARMA,"Order=(1, 0, 1), Seas=(0, 0, 0, 0)",0.5706906049371354,30.550749390876042,-1.8680804727140128
KARABAĞLAR,Daily,ARIMA,"Order=(1, 1, 1), Seas=(0, 0, 0, 0)",0.5528006981675178,34.68377351542836,1.3252618509387675
KARABAĞLAR,Daily,SARIMA,"Order=(1, 1, 1), Seas=(1, 0, 0, 7)",0.5525569656315705,34.73485174743913,1.368768026388118
KARABAĞLAR,Daily,ExpSmoothing,"{'trend': None, 'seasonal': 'add', 'seasonal_periods': 7}",0.5768765415419159,31.09662772790887,-2.9722680699924053
GAZİEMİR,Daily,Baseline,Mean,0.7923981955620581,44.13184937471698,0.0
GAZİEMİR,Daily,AR,"Order=(2, 0, 0), Seas=(0, 0, 0, 0)",1.4215572113741808,60.15352802669533,-79.39934988946462
GAZİEMİR,Daily,MA,"Order=(0, 0, 2), Seas=(0, 0, 0, 0)",2.096132756623796,94.4160565729678,-164.53022840832978
GAZİEMİR,Daily,ARMA,"Order=(1, 0, 1), Seas=(0, 0, 0, 0)",0.7004777445765651,34.58094140579355,11.600285248036526
GAZİEMİR,Daily,ARIMA,"Order=(1, 1, 1), Seas=(0, 0, 0, 0)",0.6996719210602532,34.70775555904456,11.701979512463806
GAZİEMİR,Daily,SARIMA,"Order=(1, 1, 1), Seas=(1, 0, 0, 7)",0.7096310842587311,35.181020836160485,10.445141314919233
GAZİEMİR,Daily,ExpSmoothing,"{'trend': None, 'seasonal': 'add', 'seasonal_periods': 7}",0.6989811648419836,34.7634227955329,11.789152378598322
ÇİĞLİ,Weekly,Baseline,Mean,0.9166666666666666,50.0,0.0
ÇİĞLİ,Weekly,AR,"Order=(2, 0, 0), Seas=(0, 0, 0, 0)",0.7182001675187822,77.80925058968917,21.650890816132843
ÇİĞLİ,Weekly,MA,"Order=(0, 0, 2), Seas=(0, 0, 0, 0)",0.8250555165214001,98.75832747820999,9.993943652210897
ÇİĞLİ,Weekly,ARMA,"Order=(1, 0, 1), Seas=(0, 0, 0, 0)",0.7062326360282976,29.013153638458622,22.956439706003902
ÇİĞLİ,Weekly,ARIMA,"Order=(0, 1, 1), Seas=(0, 0, 0, 0)",0.8287209859345248,41.20543192678582,9.594074261688199
ÇİĞLİ,Weekly,SARIMA,"Order=(1, 1, 1), Seas=(1, 0, 0, 52)",0.867952406747463,45.03576362264913,5.314282900276761
ÇİĞLİ,Weekly,ExpSmoothing,"{'trend': None, 'seasonal': None}",0.9166666733873652,50.000000672069866,-7.331671148979136e-07
KARŞIYAKA,Weekly,Baseline,Mean,2.525709219858156,152.02369439071566,0.0
KARŞIYAKA,Weekly,AR,"Order=(2, 0, 0), Seas=(0, 0, 0, 0)",1.4500179096062809,62.059533822187596,42.58967349821394
KARŞIYAKA,Weekly,MA,"Order=(0, 0, 2), Seas=(0, 0, 0, 0)",2.2345751937448117,87.01380097976842,11.526822795923216
KARŞIYAKA,Weekly,ARMA,"Order=(1, 0, 1), Seas=(0, 0, 0, 0)",1.433862928990914,87.52773208083549,43.229295054343595
KARŞIYAKA,Weekly,ARIMA,"Order=(0, 1, 1), Seas=(0, 0, 0, 0)",1.5271052708756174,93.54260416465145,39.537565968841825
KARŞIYAKA,Weekly,SARIMA,"Order=(1, 1, 1), Seas=(1, 0, 0, 52)",1.4931702325379703,90.77141063114976,40.88115049832115
KARŞIYAKA,Weekly,ExpSmoothing,"{'trend': 'add', 'seasonal': None}",1.3405990782413983,81.5222861694048,46.921875736879706
BORNOVA,Weekly,Baseline,Mean,3.2677304964539005,138.48157678609806,0.0
BORNOVA,Weekly,AR,"Order=(2, 0, 0), Seas=(0, 0, 0, 0)",3.3948413434156834,53.52730582695546,-3.889881589063788
BORNOVA,Weekly,MA,"Order=(0, 0, 2), Seas=(0, 0, 0, 0)",5.416666666666667,100.0,-65.76234400434076
BORNOVA,Weekly,ARMA,"Order=(1, 0, 1), Seas=(0, 0, 0, 0)",2.6687386024996176,65.02893668581225,18.330516993500574
BORNOVA,Weekly,ARIMA,"Order=(0, 1, 1), Seas=(0, 0, 0, 0)",2.6150991081758135,67.3510402893576,19.972007758482967
BORNOVA,Weekly,SARIMA,"Order=(1, 1, 1), Seas=(1, 0, 0, 52)",2.6845077657285423,65.77325771395623,17.847944662458058
BORNOVA,Weekly,ExpSmoothing,"{'trend': None, 'seasonal': None}",2.5936670355722007,67.53997550371196,20.627878021556086
BALÇOVA,Weekly,Baseline,Mean,0.47560975609756095,57.31707317073172,0.0
BALÇOVA,Weekly,AR,"Order=(2, 0, 0), Seas=(0, 0, 0, 0)",0.3333333333333333,100.0,29.914529914529915
BALÇOVA,Weekly,MA,"Order=(0, 0, 2), Seas=(0, 0, 0, 0)",0.3333333333333333,100.0,29.914529914529915
BALÇOVA,Weekly,ARMA,"Order=(1, 0, 1), Seas=(0, 0, 0, 0)",0.3350830371491982,99.48247253512965,29.546643471194223
BALÇOVA,Weekly,ARIMA,"Order=(1, 1, 1), Seas=(0, 0, 0, 0)",0.333904449115031,99.81092691387872,29.79444916042938
BALÇOVA,Weekly,SARIMA,"Order=(1, 0, 1), Seas=(1, 0, 0, 52)",0.3746566425576021,89.59045474417269,21.226039257119552
BALÇOVA,Weekly,ExpSmoothing,"{'trend': 'add', 'seasonal': None}",0.3329111838497149,99.77746958662676,30.00328954954712
NARLIDERE,Weekly,Baseline,Mean,0.26666666666666666,85.0,0.0
NARLIDERE,Weekly,AR,"Order=(1, 0, 0), Seas=(0, 0, 0, 0)",0.16666666666666666,100.0,37.5
NARLIDERE,Weekly,MA,"Order=(0, 0, 1), Seas=(0, 0, 0, 0)",0.16666666666666666,100.0,37.5
NARLIDERE,Weekly,ARMA,"Order=(1, 0, 1), Seas=(0, 0, 0, 0)",0.16666722702532036,99.99996934175628,37.499789865504866
NARLIDERE,Weekly,ARIMA,"Order=(0, 1, 1), Seas=(0, 0, 0, 0)",0.25949367150993413,86.07594927350988,2.689873183774699
NARLIDERE,Weekly,SARIMA,"Order=(0, 1, 1), Seas=(0, 0, 0, 0)",0.25949367150993413,86.07594927350988,2.689873183774699
NARLIDERE,Weekly,ExpSmoothing,"{'trend': None, 'seasonal': None}",0.26666666263732397,85.00000060440141,1.511003509813147e-06
KONAK,Weekly,Baseline,Mean,11.251773049645388,28.89082242262797,0.0
KONAK,Weekly,AR,"Order=(2, 0, 0), Seas=(0, 0, 0, 0)",4.211693742423929,10.457793883151236,62.56862163997642
KONAK,Weekly,MA,"Order=(0, 0, 2), Seas=(0, 0, 0, 0)",35.73239124565829,86.5079123045264,-217.57120489365397
KONAK,Weekly,ARMA,"Order=(1, 0, 1), Seas=(0, 0, 0, 0)",4.229568591001065,10.057584232721032,62.409759134500455
KONAK,Weekly,ARIMA,"Order=(0, 1, 1), Seas=(0, 0, 0, 0)",3.5630045558290178,8.684642894992392,68.33383911932609
KONAK,Weekly,SARIMA,"Order=(1, 1, 1), Seas=(1, 0, 0, 52)",3.92470855459873,9.54669013687055,65.11919910504751
KONAK,Weekly,ExpSmoothing,"{'trend': None, 'seasonal': None}",3.5673361397540133,8.68981334951819,68.29534221838539
BUCA,Weekly,Baseline,Mean,0.6945945945945945,19.45945945945946,0.0
BUCA,Weekly,AR,"Order=(2, 0, 0), Seas=(0, 0, 0, 0)",0.5084830232292643,55.56820736734127,26.79427292030046
BUCA,Weekly,MA,"Order=(0, 0, 2), Seas=(0, 0, 0, 0)",0.4981537277864052,88.88357936929685,28.281369929583676
BUCA,Weekly,ARMA,"Order=(1, 0, 1), Seas=(0, 0, 0, 0)",0.49732733191614154,58.32703455460839,28.400345210516576
BUCA,Weekly,ARIMA,"Order=(1, 0, 1), Seas=(0, 0, 0, 0)",0.49732733191614154,58.32703455460839,28.400345210516576
BUCA,Weekly,SARIMA,"Order=(1, 0, 1), Seas=(1, 0, 0, 52)",0.484184104033881,62.83413351576142,30.292560897845917
BUCA,Weekly,ExpSmoothing,"{'trend': 'add', 'seasonal': None}",0.4927561374502048,86.84422636030882,29.058454919620306
BAYRAKLI,Weekly,Baseline,Mean,3.685283687943263,39.73838086107329,0.0
BAYRAKLI,Weekly,AR,"Order=(2, 0, 0), Seas=(0, 0, 0, 0)",4.012161147116737,38.794227547012476,-8.869804521233561
BAYRAKLI,Weekly,MA,"Order=(0, 0, 2), Seas=(0, 0, 0, 0)",10.437092951711293,89.11584761160695,-183.21002765288276
BAYRAKLI,Weekly,ARMA,"Order=(1, 0, 1), Seas=(0, 0, 0, 0)",3.1793633171227644,26.323104262073528,13.728125530082325
BAYRAKLI,Weekly,ARIMA,"Order=(0, 1, 1), Seas=(0, 0, 0, 0)",3.0833333333333335,27.572390763342884,16.333894635554493
BAYRAKLI,Weekly,SARIMA,"Order=(1, 0, 1), Seas=(1, 0, 0, 52)",3.421114286193376,26.9242486567358,7.168224324606026
BAYRAKLI,Weekly,ExpSmoothing,"{'trend': 'add', 'seasonal': None}",3.2881074190223996,26.28994478702711,10.777359426094149
KARABAĞLAR,Weekly,Baseline,Mean,3.518617021276596,142.8512854609929,0.0
KARABAĞLAR,Weekly,AR,"Order=(2, 0, 0), Seas=(0, 0, 0, 0)",2.0864125950725168,54.468811857295606,40.70361785734949
KARABAĞLAR,Weekly,MA,"Order=(0, 0, 2), Seas=(0, 0, 0, 0)",4.638118055604685,95.49072658471741,-31.816507098062086
KARABAĞLAR,Weekly,ARMA,"Order=(1, 0, 1), Seas=(0, 0, 0, 0)",1.9489686616013469,74.96722758164981,44.60980976854827
KARABAĞLAR,Weekly,ARIMA,"Order=(0, 1, 1), Seas=(0, 0, 0, 0)",2.0027998718934334,79.49420882441048,43.0799129378737
KARABAĞLAR,Weekly,SARIMA,"Order=(1, 1, 1), Seas=(1, 0, 0, 52)",1.9348744123975337,79.52669200454827,45.010371953025505
KARABAĞLAR,Weekly,ExpSmoothing,"{'trend': None, 'seasonal': None}",2.0062166905353407,79.85155110737661,42.98280607397672
GAZİEMİR,Weekly,Baseline,Mean,3.031914893617022,30.555830442253036,0.0
GAZİEMİR,Weekly,AR,"Order=(2, 0, 0), Seas=(0, 0, 0, 0)",3.0999729449506304,29.479332887032868,-2.2447216931084806
GAZİEMİR,Weekly,MA,"Order=(0, 0, 2), Seas=(0, 0, 0, 0)",11.070084946385782,92.48619104152344,-265.1185912141274
GAZİEMİR,Weekly,ARMA,"Order=(1, 0, 1), Seas=(0, 0, 0, 0)",2.822762188155257,25.077096882759626,6.898369934528388
GAZİEMİR,Weekly,ARIMA,"Order=(0, 1, 1), Seas=(0, 0, 0, 0)",2.75,24.90315535346828,9.298245614035114
GAZİEMİR,Weekly,SARIMA,"Order=(1, 1, 1), Seas=(1, 0, 0, 52)",2.7961762259190324,26.14736391214847,7.775240267933696
GAZİEMİR,Weekly,ExpSmoothing,"{'trend': None, 'seasonal': None}",2.75,24.835027038274955,9.298245614035114
ÇİĞLİ,Monthly,Baseline,Mean,2.1833333333333336,66.25000000000001,0.0
ÇİĞLİ,Monthly,AR,"Order=(2, 0, 0), Seas=(0, 0, 0, 0)",2.6451341523659644,76.4885784263066,-21.15118255111286
ÇİĞLİ,Monthly,MA,"Order=(0, 0, 2), Seas=(0, 0, 0, 0)",3.8555453441352845,78.14797795781028,-76.58986309016568
ÇİĞLİ,Monthly,ARMA,"Order=(1, 0, 1), Seas=(0, 0, 0, 0)",1.7707336341150646,48.15219307532459,18.897696147401632
ÇİĞLİ,Monthly,ARIMA,"Order=(0, 1, 1), Seas=(0, 0, 0, 0)",1.8333333333333333,54.486158253413485,16.03053435114505
ÇİĞLİ,Monthly,SARIMA,"Order=(1, 1, 0), Seas=(1, 0, 0, 12)",3.366685688987561,98.21695233085391,-54.199344533781414
ÇİĞLİ,Monthly,ExpSmoothing,"{'trend': None, 'seasonal': None}",1.8333333333333333,54.49486645944349,16.03053435114505
KARŞIYAKA,Monthly,Baseline,Mean,8.758333333333333,91.09640822140823,0.0
KARŞIYAKA,Monthly,AR,"Order=(2, 0, 0), Seas=(0, 0, 0, 0)",4.50228626936357,47.02269567524527,48.5942576285796
KARŞIYAKA,Monthly,MA,"Order=(0, 0, 2), Seas=(0, 0, 0, 0)",10.529894810668006,86.89794948099156,-20.22715292865469
KARŞIYAKA,Monthly,ARMA,"Order=(1, 0, 1), Seas=(0, 0, 0, 0)",4.695855177758004,46.40890742467239,46.384146400479494
KARŞIYAKA,Monthly,ARIMA,"Order=(0, 1, 1), Seas=(0, 0, 0, 0)",5.672586919670043,59.10369077760128,35.23211890005659
KARŞIYAKA,Monthly,SARIMA,"Order=(1, 1, 1), Seas=(0, 1, 0, 12)",2.888139063938315,25.263941000778896,67.02410202924854
KARŞIYAKA,Monthly,ExpSmoothing,"{'trend': None, 'seasonal': 'add', 'seasonal_periods': 12}",4.548242945878955,46.47843442575634,48.06953820119176
BORNOVA,Monthly,Baseline,Mean,16.158333333333335,95.75487184206814,0.0
BORNOVA,Monthly,AR,"Order=(2, 0, 0), Seas=(0, 0, 0, 0)",4.336096307234868,26.632921965462504,73.16495323010912
BORNOVA,Monthly,MA,"Order=(0, 0, 2), Seas=(0, 0, 0, 0)",13.965196662457187,71.0901377134343,13.572790124040113
BORNOVA,Monthly,ARMA,"Order=(1, 0, 1), Seas=(0, 0, 0, 0)",4.100790670144433,26.08254136923131,74.62120266027168
BORNOVA,Monthly,ARIMA,"Order=(0, 1, 1), Seas=(0, 0, 0, 0)",4.166666666666667,29.051382411394545,74.2135121196493
BORNOVA,Monthly,SARIMA,"Order=(1, 1, 0), Seas=(1, 0, 0, 12)",4.257553064333489,30.19368184688104,73.65103828158749
BORNOVA,Monthly,ExpSmoothing,"{'trend': None, 'seasonal': 'add', 'seasonal_periods': 12}",6.651994210148804,40.62964400496925,58.832423660760384
BALÇOVA,Monthly,Baseline,Mean,1.3333333333333333,66.66666666666666,0.0
BALÇOVA,Monthly,AR,"Order=(2, 0, 0), Seas=(0, 0, 0, 0)",0.7055745973965131,94.43490177299174,47.08190519526151
BALÇOVA,Monthly,MA,"Order=(0, 0, 2), Seas=(0, 0, 0, 0)",0.7357854760809843,100.0,44.81608929392617
BALÇOVA,Monthly,ARMA,"Order=(1, 0, 1), Seas=(0, 0, 0, 0)",0.7168984587805172,43.85831664882745,46.232615591461204
BALÇOVA,Monthly,ARIMA,"Order=(0, 1, 1), Seas=(0, 0, 0, 0)",0.6666666666666666,51.421404815656544,50.0
BALÇOVA,Monthly,SARIMA,"Order=(1, 1, 1), Seas=(1, 0, 0, 12)",0.6776642481517484,63.6620769000306,49.17518138861887
BALÇOVA,Monthly,ExpSmoothing,"{'trend': 'add', 'seasonal': None}",0.7934634788452266,95.8919346680378,40.490239086608
NARLIDERE,Monthly,Baseline,Mean,0.5833333333333334,25.0,0.0
NARLIDERE,Monthly,AR,"Order=(2, 0, 0), Seas=(0, 0, 0, 0)",0.9969798940923482,12.071257796779689,-70.91083898725968
NARLIDERE,Monthly,MA,"Order=(0, 0, 2), Seas=(0, 0, 0, 0)",0.7346289170700273,100.0,-25.936385783433245
NARLIDERE,Monthly,ARMA,"Order=(1, 0, 1), Seas=(0, 0, 0, 0)",0.7453582654740648,15.75411605435173,-27.775702652696815
NARLIDERE,Monthly,ARIMA,"Order=(0, 1, 1), Seas=(0, 0, 0, 0)",0.5777777829191705,26.66666512424889,0.9523800709993526
NARLIDERE,Monthly,SARIMA,"Order=(0, 1, 1), Seas=(0, 0, 0, 0)",0.5777777829191705,26.66666512424889,0.9523800709993526
NARLIDERE,Monthly,ExpSmoothing,"{'trend': None, 'seasonal': None}",0.5833333377736315,24.99999866791055,-7.611939650027059e-07
KONAK,Monthly,Baseline,Mean,60.5,35.92688505021084,0.0
KONAK,Monthly,AR,"Order=(2, 0, 0), Seas=(0, 0, 0, 0)",28.267355161530528,17.195271970535444,53.27709890656111
KONAK,Monthly,MA,"Order=(0, 0, 2), Seas=(0, 0, 0, 0)",167.33882858395378,97.19206541202036,-176.5931050974443
KONAK,Monthly,ARMA,"Order=(1, 0, 1), Seas=(0, 0, 0, 0)",11.92853669805531,7.165528553817853,80.2834104164375
KONAK,Monthly,ARIMA,"Order=(0, 1, 1), Seas=(0, 0, 0, 0)",19.200460726815123,11.78186256671464,68.26370127799153
KONAK,Monthly,SARIMA,"Order=(0, 1, 1), Seas=(0, 1, 0, 12)",37.47585055990961,22.337959591129575,38.056445355521305
KONAK,Monthly,ExpSmoothing,"{'trend': None, 'seasonal': None}",18.764558556135853,11.527020311888581,68.98420073365975
BUCA,Monthly,Baseline,Mean,3.5666666666666664,275.0,0.0
BUCA,Monthly,AR,"Order=(2, 0, 0), Seas=(0, 0, 0, 0)",0.8201580686053708,38.07834101942103,77.0049139643354
BUCA,Monthly,MA,"Order=(0, 0, 2), Seas=(0, 0, 0, 0)",1.6417217903586077,83.44854166053372,53.970417092749315
BUCA,Monthly,ARMA,"Order=(1, 0, 1), Seas=(0, 0, 0, 0)",0.789990502163007,38.929198743308646,77.85073358421475
BUCA,Monthly,ARIMA,"Order=(0, 1, 1), Seas=(0, 0, 0, 0)",0.8519764365208932,63.75221739601541,76.11281019100299
BUCA,Monthly,SARIMA,"Order=(1, 1, 1), Seas=(1, 0, 0, 12)",0.8882846759110853,66.07559567942279,75.09482217071724
BUCA,Monthly,ExpSmoothing,"{'trend': 'add', 'seasonal': None}",1.2546593541503368,63.896717103071985,64.82263493036439
BAYRAKLI,Monthly,Baseline,Mean,11.683333333333332,26.135780525234605,0.0
BAYRAKLI,Monthly,AR,"Order=(2, 0, 0), Seas=(0, 0, 0, 0)",9.210147660609545,17.520144281553595,21.16849363244326
BAYRAKLI,Monthly,MA,"Order=(0, 0, 2), Seas=(0, 0, 0, 0)",42.075841285191,86.96173640828597,-260.13558874628535
BAYRAKLI,Monthly,ARMA,"Order=(1, 0, 1), Seas=(0, 0, 0, 0)",6.412491671999398,11.68531874872367,45.11419396291528
BAYRAKLI,Monthly,ARIMA,"Order=(0, 1, 1), Seas=(0, 0, 0, 0)",5.573589373951866,10.124520692817491,52.29452746974152
BAYRAKLI,Monthly,SARIMA,"Order=(1, 0, 1), Seas=(1, 0, 0, 12)",9.705510754107818,18.444951126840223,16.928581277251187
BAYRAKLI,Monthly,ExpSmoothing,"{'trend': 'add', 'seasonal': None}",8.17143474264216,15.239948394666122,30.059046425316733
KARABAĞLAR,Monthly,Baseline,Mean,13.008333333333331,60.73591758640777,0.0
KARABAĞLAR,Monthly,AR,"Order=(2, 0, 0), Seas=(0, 0, 0, 0)",3.0352108251061476,13.746709485099487,76.66718135728777
KARABAĞLAR,Monthly,MA,"Order=(0, 0, 2), Seas=(0, 0, 0, 0)",20.037273710016567,88.40965571611073,-54.03413486239516
KARABAĞLAR,Monthly,ARMA,"Order=(1, 0, 1), Seas=(0, 0, 0, 0)",3.1615995120964375,14.513583290517776,75.69558350726633
KARABAĞLAR,Monthly,ARIMA,"Order=(1, 1, 1), Seas=(0, 0, 0, 0)",3.528424192442767,17.301684799886342,72.87566283836438
KARABAĞLAR,Monthly,SARIMA,"Order=(1, 1, 0), Seas=(1, 0, 0, 12)",3.594750607667019,17.500338569118227,72.36578648814591
KARABAĞLAR,Monthly,ExpSmoothing,"{'trend': None, 'seasonal': None}",3.5,17.260464728229007,73.09417040358744
GAZİEMİR,Monthly,Baseline,Mean,8.383333333333331,19.57765027523385,0.0
GAZİEMİR,Monthly,AR,"Order=(2, 0, 0), Seas=(0, 0, 0, 0)",6.514638246207102,15.338665449354313,22.29059746075025
GAZİEMİR,Monthly,MA,"Order=(0, 0, 2), Seas=(0, 0, 0, 0)",37.95885880024415,77.8899801774264,-352.7895681937673
GAZİEMİR,Monthly,ARMA,"Order=(1, 0, 1), Seas=(0, 0, 0, 0)",6.4243564314391195,15.09817577695604,23.367517716431955
GAZİEMİR,Monthly,ARIMA,"Order=(1, 1, 1), Seas=(0, 0, 0, 0)",9.380246742158304,21.693048505674387,-11.891611238468867
GAZİEMİR,Monthly,SARIMA,"Order=(0, 1, 1), Seas=(0, 1, 0, 12)",10.63112794533844,22.663101999697663,-26.8126593877349
GAZİEMİR,Monthly,ExpSmoothing,"{'trend': None, 'seasonal': 'add', 'seasonal_periods': 12}",12.26607925163754,27.002746723224032,-46.31506065571623
