Street,Frequency,Model,MAE,Improvement_Pct
YEŞILDERE CADDESI,Daily,DummyRegressor,1.1656822612085769,0.0
YEŞILDERE CADDESI,Daily,LinearRegression,1.0375792158994268,10.989533732488397
YEŞILDERE CADDESI,Daily,Ridge,1.0343421261814774,11.267232881362228
YEŞILDERE CADDESI,Daily,Lasso,1.0509345926582647,9.843820427647412
YEŞILDERE CADDESI,Daily,RandomForest,1.1899774754272998,-2.0842055358664986
YEŞILDERE CADDESI,Daily,GradientBoosting,1.1316485468451487,2.919639038526853
YEŞILDERE CADDESI,Daily,KNN,1.2788888888888892,-9.711619662371795
YEŞILDERE CADDESI,Daily,SVR,1.1291612881530333,3.133012680288942
ANADOLU CADDESI,Daily,DummyRegressor,1.003573749187784,0.0
ANADOLU CADDESI,Daily,LinearRegression,0.9725522348739711,3.0911045988318637
ANADOLU CADDESI,Daily,Ridge,0.9726948382757844,3.0768950400496933
ANADOLU CADDESI,Daily,Lasso,0.9664575408053914,3.6984036711234958
ANADOLU CADDESI,Daily,RandomForest,1.1159050301639597,-11.193126670270917
ANADOLU CADDESI,Daily,GradientBoosting,1.6845890844832225,-67.85902240334607
ANADOLU CADDESI,Daily,KNN,1.088,-8.412560699255451
ANADOLU CADDESI,Daily,SVR,0.9275546897938406,7.574835377615996
MÜRSELPAŞA BULVARI,Daily,DummyRegressor,0.9088693671709775,0.0
MÜRSELPAŞA BULVARI,Daily,LinearRegression,0.7169437271260701,21.11696652757823
MÜRSELPAŞA BULVARI,Daily,Ridge,0.7284864469682557,19.84695784876068
MÜRSELPAŞA BULVARI,Daily,Lasso,0.7625875227527392,16.094925156688618
MÜRSELPAŞA BULVARI,Daily,RandomForest,0.7452800560692217,17.999210558824046
MÜRSELPAŞA BULVARI,Daily,GradientBoosting,0.7784562967374155,14.348934527246382
MÜRSELPAŞA BULVARI,Daily,KNN,0.8017777777777778,11.782946291450216
MÜRSELPAŞA BULVARI,Daily,SVR,0.7455252270035618,17.97223518225224
AKÇAY CADDESI,Daily,DummyRegressor,0.7320673819393642,0.0
AKÇAY CADDESI,Daily,LinearRegression,0.6836913186897678,6.608143518352142
AKÇAY CADDESI,Daily,Ridge,0.6622408961426436,9.538259389694291
AKÇAY CADDESI,Daily,Lasso,0.6568912488144018,10.269018259741165
AKÇAY CADDESI,Daily,RandomForest,0.8924992012762264,-21.914897903503437
AKÇAY CADDESI,Daily,GradientBoosting,1.033045778837869,-41.11348276454618
AKÇAY CADDESI,Daily,KNN,0.7138888888888889,2.483172109419423
AKÇAY CADDESI,Daily,SVR,0.7687016379962657,-5.004219141665824
MUSTAFA KEMAL SAHIL BULVARI,Daily,DummyRegressor,0.6380799220272902,0.0
MUSTAFA KEMAL SAHIL BULVARI,Daily,LinearRegression,0.5268839782106159,17.42664828935309
MUSTAFA KEMAL SAHIL BULVARI,Daily,Ridge,0.5249961729099889,17.722505475178522
MUSTAFA KEMAL SAHIL BULVARI,Daily,Lasso,0.525739810415189,17.605962471782103
MUSTAFA KEMAL SAHIL BULVARI,Daily,RandomForest,0.8131894832492169,-27.443201890066266
MUSTAFA KEMAL SAHIL BULVARI,Daily,GradientBoosting,0.9612829915398928,-50.65244311178615
MUSTAFA KEMAL SAHIL BULVARI,Daily,KNN,0.575888888888889,9.746589884980173
MUSTAFA KEMAL SAHIL BULVARI,Daily,SVR,0.5455090809776643,14.507718838027753
ANKARA CADDESI,Daily,DummyRegressor,0.6784073531804132,0.0
ANKARA CADDESI,Daily,LinearRegression,0.49185179477208296,27.49904722195992
ANKARA CADDESI,Daily,Ridge,0.5032745091864474,25.815292710630683
ANKARA CADDESI,Daily,Lasso,0.5085927073452867,25.03136869596498
ANKARA CADDESI,Daily,RandomForest,0.7760652597680483,-14.395172182289755
ANKARA CADDESI,Daily,GradientBoosting,0.7685457071660038,-13.2867595793319
ANKARA CADDESI,Daily,KNN,0.6866666666666663,-1.217456362690195
ANKARA CADDESI,Daily,SVR,0.5124376633442922,24.46460656094682
ALTINYOL CADDESI,Daily,DummyRegressor,0.5327655767040833,0.0
ALTINYOL CADDESI,Daily,LinearRegression,0.5977123784973285,-12.19050265879301
ALTINYOL CADDESI,Daily,Ridge,0.595723938664324,-11.817272870692625
ALTINYOL CADDESI,Daily,Lasso,0.585916590908548,-9.97643551471168
ALTINYOL CADDESI,Daily,RandomForest,0.5645481048881337,-5.965574649298991
ALTINYOL CADDESI,Daily,GradientBoosting,0.5734131905156236,-7.6295495784475875
ALTINYOL CADDESI,Daily,KNN,0.6248888888888888,-17.291528622160595
ALTINYOL CADDESI,Daily,SVR,0.5971100746761965,-12.077450343202702
YEŞILLIK CADDESI,Daily,DummyRegressor,0.5555555555555555,0.0
YEŞILLIK CADDESI,Daily,LinearRegression,0.5618792974325414,-1.138273537857466
YEŞILLIK CADDESI,Daily,Ridge,0.5578298770636358,-0.4093778714544683
YEŞILLIK CADDESI,Daily,Lasso,0.5561587737541006,-0.10857927573812544
YEŞILLIK CADDESI,Daily,RandomForest,0.5799376433929944,-4.388775810739001
YEŞILLIK CADDESI,Daily,GradientBoosting,0.5475353396772532,1.4436388580944073
YEŞILLIK CADDESI,Daily,KNN,0.4862222222222222,12.479999999999986
YEŞILLIK CADDESI,Daily,SVR,0.5837711696601257,-5.078810538822634
YEŞILDERE CADDESI,Weekly,DummyRegressor,4.434397163120567,0.0
YEŞILDERE CADDESI,Weekly,LinearRegression,2.835486414607658,36.057003684977246
YEŞILDERE CADDESI,Weekly,Ridge,2.9289599168754044,33.949084641434304
YEŞILDERE CADDESI,Weekly,Lasso,2.9433543941697167,33.62447507750019
YEŞILDERE CADDESI,Weekly,RandomForest,3.3097222222222222,25.362521658003466
YEŞILDERE CADDESI,Weekly,GradientBoosting,5.568567220208583,-25.576645829573796
YEŞILDERE CADDESI,Weekly,KNN,3.35,24.45421831267493
YEŞILDERE CADDESI,Weekly,SVR,2.927632124025397,33.979027670918676
ANADOLU CADDESI,Weekly,DummyRegressor,4.358156028368795,0.0
ANADOLU CADDESI,Weekly,LinearRegression,3.7898682085595587,13.039639152661064
ANADOLU CADDESI,Weekly,Ridge,3.789425790459537,13.049790650155463
ANADOLU CADDESI,Weekly,Lasso,3.785110472643501,13.14880770663407
ANADOLU CADDESI,Weekly,RandomForest,5.104526154401155,-17.125823884550496
ANADOLU CADDESI,Weekly,GradientBoosting,5.460495258854997,-25.29370732279162
ANADOLU CADDESI,Weekly,KNN,4.1000000000000005,5.92351505288852
ANADOLU CADDESI,Weekly,SVR,3.791245623722439,13.008033694896035
MÜRSELPAŞA BULVARI,Weekly,DummyRegressor,2.716312056737589,0.0
MÜRSELPAŞA BULVARI,Weekly,LinearRegression,1.92887738181192,28.989109442433243
MÜRSELPAŞA BULVARI,Weekly,Ridge,1.835835452296313,32.41441285279893
MÜRSELPAŞA BULVARI,Weekly,Lasso,1.7268914007962513,36.42514686363671
MÜRSELPAŞA BULVARI,Weekly,RandomForest,1.6431317276830726,39.50872751871718
MÜRSELPAŞA BULVARI,Weekly,GradientBoosting,2.405562462186276,11.440128676693245
MÜRSELPAŞA BULVARI,Weekly,KNN,1.7833333333333339,34.34725848563968
MÜRSELPAŞA BULVARI,Weekly,SVR,1.9085461222471138,29.73759706609843
AKÇAY CADDESI,Weekly,DummyRegressor,2.805851063829787,0.0
AKÇAY CADDESI,Weekly,LinearRegression,2.4065597624692905,14.23066628545466
AKÇAY CADDESI,Weekly,Ridge,2.43355054648949,13.268719859711057
AKÇAY CADDESI,Weekly,Lasso,2.447112105408049,12.785388470765252
AKÇAY CADDESI,Weekly,RandomForest,3.4575000000000014,-23.224644549763095
AKÇAY CADDESI,Weekly,GradientBoosting,3.764796433009149,-34.17663116696116
AKÇAY CADDESI,Weekly,KNN,2.516666666666666,10.306477093206958
AKÇAY CADDESI,Weekly,SVR,3.2312581012924,-15.161426169283661
MUSTAFA KEMAL SAHIL BULVARI,Weekly,DummyRegressor,2.3404255319148928,0.0
MUSTAFA KEMAL SAHIL BULVARI,Weekly,LinearRegression,2.942914280823364,-25.742701089725607
MUSTAFA KEMAL SAHIL BULVARI,Weekly,Ridge,2.8751440238974433,-22.84706283925444
MUSTAFA KEMAL SAHIL BULVARI,Weekly,Lasso,2.8770014121894523,-22.92642397536755
MUSTAFA KEMAL SAHIL BULVARI,Weekly,RandomForest,1.9339642857142862,17.366980519480467
MUSTAFA KEMAL SAHIL BULVARI,Weekly,GradientBoosting,1.9455480246235535,16.872038947902684
MUSTAFA KEMAL SAHIL BULVARI,Weekly,KNN,2.0,14.545454545454515
MUSTAFA KEMAL SAHIL BULVARI,Weekly,SVR,2.1128541963121648,9.723502521207473
ANKARA CADDESI,Weekly,DummyRegressor,3.168439716312056,0.0
ANKARA CADDESI,Weekly,LinearRegression,2.479930315343457,21.7302351508836
ANKARA CADDESI,Weekly,Ridge,2.49577626848793,21.230116652087705
ANKARA CADDESI,Weekly,Lasso,2.413531576253771,23.825864073467994
ANKARA CADDESI,Weekly,RandomForest,2.5661875,19.007848349188574
ANKARA CADDESI,Weekly,GradientBoosting,3.0891882396465538,2.5012777190455147
ANKARA CADDESI,Weekly,KNN,2.6166666666666667,17.414661443760476
ANKARA CADDESI,Weekly,SVR,2.501372854195673,21.053481266571925
ALTINYOL CADDESI,Weekly,DummyRegressor,2.622340425531915,0.0
ALTINYOL CADDESI,Weekly,LinearRegression,2.0728316323387994,20.954899213043756
ALTINYOL CADDESI,Weekly,Ridge,2.056785601598193,21.566796531346792
ALTINYOL CADDESI,Weekly,Lasso,2.0460153261879217,21.97750885936526
ALTINYOL CADDESI,Weekly,RandomForest,1.8931416847041849,27.807173078217694
ALTINYOL CADDESI,Weekly,GradientBoosting,1.7321609561644762,33.94599193531004
ALTINYOL CADDESI,Weekly,KNN,1.9500000000000002,25.638945233265716
ALTINYOL CADDESI,Weekly,SVR,1.9275316558502267,26.49575024343963
YEŞILLIK CADDESI,Weekly,DummyRegressor,2.1702127659574466,0.0
YEŞILLIK CADDESI,Weekly,LinearRegression,1.5881705390415846,26.819592808868155
YEŞILLIK CADDESI,Weekly,Ridge,1.544722319521706,28.82161861027433
YEŞILLIK CADDESI,Weekly,Lasso,1.5642710602774332,27.920843300941794
YEŞILLIK CADDESI,Weekly,RandomForest,1.5066666666666666,30.575163398692805
YEŞILLIK CADDESI,Weekly,GradientBoosting,1.6995203445901617,21.688768435551367
YEŞILLIK CADDESI,Weekly,KNN,1.5,30.882352941176467
YEŞILLIK CADDESI,Weekly,SVR,1.4888150346191171,31.397738600883812
YEŞILDERE CADDESI,Monthly,DummyRegressor,24.96666666666667,0.0
YEŞILDERE CADDESI,Monthly,LinearRegression,11.337231083294071,54.5905297064323
YEŞILDERE CADDESI,Monthly,Ridge,11.342138614812578,54.57087337191224
YEŞILDERE CADDESI,Monthly,Lasso,11.351373113839829,54.53388605938654
YEŞILDERE CADDESI,Monthly,RandomForest,18.378333333333334,26.38851802403205
YEŞILDERE CADDESI,Monthly,GradientBoosting,18.87519059744984,24.39843552423295
YEŞILDERE CADDESI,Monthly,KNN,14.433333333333337,42.18958611481975
YEŞILDERE CADDESI,Monthly,SVR,24.09583301730608,3.48798524443493
ANADOLU CADDESI,Monthly,DummyRegressor,6.016666666666666,0.0
ANADOLU CADDESI,Monthly,LinearRegression,5.908767413688746,1.793339384674573
ANADOLU CADDESI,Monthly,Ridge,6.013801265197884,0.047624401143185655
ANADOLU CADDESI,Monthly,Lasso,6.092730032386503,-1.2642110645956302
ANADOLU CADDESI,Monthly,RandomForest,5.64,6.26038781163434
ANADOLU CADDESI,Monthly,GradientBoosting,6.633808137607756,-10.257198963009804
ANADOLU CADDESI,Monthly,KNN,5.266666666666667,12.465373961218825
ANADOLU CADDESI,Monthly,SVR,5.088983468655354,15.418557307667227
MÜRSELPAŞA BULVARI,Monthly,DummyRegressor,11.758333333333331,0.0
MÜRSELPAŞA BULVARI,Monthly,LinearRegression,7.118693496646226,39.45831186410012
MÜRSELPAŞA BULVARI,Monthly,Ridge,7.051197836620531,40.032335904006814
MÜRSELPAŞA BULVARI,Monthly,Lasso,7.095191482569288,39.6581872495879
MÜRSELPAŞA BULVARI,Monthly,RandomForest,6.420000000000001,45.40042523033308
MÜRSELPAŞA BULVARI,Monthly,GradientBoosting,3.85654466231286,67.20160457281763
MÜRSELPAŞA BULVARI,Monthly,KNN,5.633333333333333,52.09071580439404
MÜRSELPAŞA BULVARI,Monthly,SVR,9.426469804362869,19.831582103221514
AKÇAY CADDESI,Monthly,DummyRegressor,7.88333333333333,0.0
AKÇAY CADDESI,Monthly,LinearRegression,6.456779841622357,18.09581596250707
AKÇAY CADDESI,Monthly,Ridge,6.463145642317021,18.015065847987017
AKÇAY CADDESI,Monthly,Lasso,6.478596185485261,17.819075871222868
AKÇAY CADDESI,Monthly,RandomForest,6.085,22.8118393234672
AKÇAY CADDESI,Monthly,GradientBoosting,9.855337258603141,-25.014848946340106
AKÇAY CADDESI,Monthly,KNN,8.666666666666666,-9.93657505285416
AKÇAY CADDESI,Monthly,SVR,7.5754385802525706,3.905641688128031
MUSTAFA KEMAL SAHIL BULVARI,Monthly,DummyRegressor,10.633333333333335,0.0
MUSTAFA KEMAL SAHIL BULVARI,Monthly,LinearRegression,6.578782219530258,38.13057473795996
MUSTAFA KEMAL SAHIL BULVARI,Monthly,Ridge,6.583584464279343,38.085412561636275
MUSTAFA KEMAL SAHIL BULVARI,Monthly,Lasso,6.586111507489316,38.06164726499077
MUSTAFA KEMAL SAHIL BULVARI,Monthly,RandomForest,5.614999999999999,47.19435736677117
MUSTAFA KEMAL SAHIL BULVARI,Monthly,GradientBoosting,6.705371231334773,36.940082463936314
MUSTAFA KEMAL SAHIL BULVARI,Monthly,KNN,6.8,36.050156739811925
MUSTAFA KEMAL SAHIL BULVARI,Monthly,SVR,7.026502968443939,33.920034779524094
ANKARA CADDESI,Monthly,DummyRegressor,13.341666666666663,0.0
ANKARA CADDESI,Monthly,LinearRegression,5.331872378132213,60.03593470481788
ANKARA CADDESI,Monthly,Ridge,5.119608686103693,61.62691803045325
ANKARA CADDESI,Monthly,Lasso,5.11620146665782,61.652456214932
ANKARA CADDESI,Monthly,RandomForest,4.203333333333333,68.4946908182386
ANKARA CADDESI,Monthly,GradientBoosting,7.336363980324929,45.011637873891836
ANKARA CADDESI,Monthly,KNN,3.7999999999999994,71.51780137414117
ANKARA CADDESI,Monthly,SVR,11.10947556784808,16.730976380901318
ALTINYOL CADDESI,Monthly,DummyRegressor,9.975000000000001,0.0
ALTINYOL CADDESI,Monthly,LinearRegression,2.5891631334544853,74.04347735885227
ALTINYOL CADDESI,Monthly,Ridge,2.616768320884322,73.76673362521983
ALTINYOL CADDESI,Monthly,Lasso,2.6818908616271977,73.1138760739128
ALTINYOL CADDESI,Monthly,RandomForest,1.4216666666666669,85.74770258980784
ALTINYOL CADDESI,Monthly,GradientBoosting,2.0868223573046993,79.07947511473986
ALTINYOL CADDESI,Monthly,KNN,0.8999999999999998,90.97744360902256
ALTINYOL CADDESI,Monthly,SVR,6.153887288787973,38.30689434799025
YEŞILLIK CADDESI,Monthly,DummyRegressor,8.350000000000001,0.0
YEŞILLIK CADDESI,Monthly,LinearRegression,4.575652803015008,45.20176283814363
YEŞILLIK CADDESI,Monthly,Ridge,4.573742420322494,45.22464167278451
YEŞILLIK CADDESI,Monthly,Lasso,4.584050903606193,45.10118678315938
YEŞILLIK CADDESI,Monthly,RandomForest,1.72,79.40119760479043
YEŞILLIK CADDESI,Monthly,GradientBoosting,2.6617500778191867,68.12275355905165
YEŞILLIK CADDESI,Monthly,KNN,2.0,76.04790419161677
YEŞILLIK CADDESI,Monthly,SVR,4.379791758503714,47.54740408977589
